model,horizon_years,n_forecasts,ME,MAE,RMSE,MAPE
Rolling AR,3,26,10.131830955055579,35.32816650077925,48.951905746672814,0.4470151332353819
Rolling AR,5,24,-5.4070593576043,35.948212325489095,51.23785520926568,0.37946420934547337
Rolling AR + Futures,3,9,17.96027252948567,40.10955731568595,52.51059909709167,0.5491144320459385
Rolling AR + Futures,5,7,7.571707068338843,36.6143638967961,53.230334783236614,0.5391371932907427
